the_geom,the_geom_webmercator,objectid,posse_jobid,addressobjectid,council_district,address,unit_type,unit_num,zip,censustract,parcel_id_num,opa_account_num,opa_owner,owneroccupied,addressed_license,licensenum,revenuecode,licensetype,rentalcategory,initialissuedate,mostrecentissuedate,expirationdate,inactivedate,licensestatus,numberofunits,legalfirstname,legallastname,legalname,legalentitytype,business_name,business_mailing_address,ownercontact1name,ownercontact1mailingaddress,ownercontact1city,ownercontact1state,ownercontact1zippostalcode,ownercontact2name,ownercontact2mailingaddress,ownercontact2city,ownercontact2state,ownercontact2zippostalcode,geocode_x,geocode_y,gdb_geomattr_data,ownerismanagingagentinphilly,cal_number,effectivedate,lat,lng
0101000020E6100000DC3C539FB9C552C02F2BBE5495094440,0101000020110F0000AD039EF501E35FC1A82A6507879A5241,1,9237159,15325377.0,10.0,7800 BURHOLME AVE,,,19111-2210,34100.0,208072,631012101.0,"MC HUGH CHARLES C, MC HUGH JOAN BRYSON",Yes,Yes,246211,3202,Rental,Residential Dwellings,2001-06-09 04:00:00+00,2008-02-05 12:59:57+00,2009-02-28 05:00:00+00,2009-02-18 17:23:00+00,Inactive,2.0,CHARLES,MCHUGH,CHARLES C MCHUGH,Individual,CHARLES C MCHUGH,"7800 BURHOLME AVE PHILADELPHIA, PA  19111 USA",,,,,,,,,,,2712944.87356774,281346.030609621,,,,2008-02-05 12:59:57+00,40.07486972127514,-75.0894544899815
,,2,9301813,15325382.0,7.0,3601 A ST,,,19134-1009,195.0,,,,,Yes,311092,3120,Food Preparing and Serving,,2010-09-23 14:38:00+00,2010-09-23 14:38:00+00,2011-09-23 14:38:00+00,2010-09-23 14:39:00+00,Inactive,,,,SODEXHO MARRIOTT MGMT INC,Company,SODEXHO MARRIOTT MGMT INC," GEN SULLIVAN RD RT 532 WASH CROSNG, PA  18977 USA",,,,,,,,,,,,,,,112320.0,2010-09-23 14:38:00+00,,
0101000020E6100000D1D12631CACA52C053C04CF5B2F84340,0101000020110F0000E6873D509CEB5FC1F0378F42CE875241,3,9317370,15325472.0,2.0,1530 BAINBRIDGE ST,,,19146-2131,1400.0,460258,301056000.0,"JUNGREIS MICHAEL DAVID, UNNA RENANA",,Yes,278125,3219,Vacant Residential Property / Lot,,2004-03-16 05:00:00+00,2004-03-16 05:00:00+00,2005-02-28 05:00:00+00,2012-12-22 16:52:12+00,Inactive,,,,JOSEPH & ANTHONY RANDAZZO PTRS,Company,JOSEPH & ANTHONY RANDAZZO PTRS,"746 16TH ST PHILADELPHIA, PA  19146 USA",Randazzo,746 S 16TH ST,Philadelphia,Pe,19143,,,,,,2692212.60702627,232657.434875758,,,95177.0,2004-03-16 05:00:00+00,39.94296137092228,-75.16859082022644
0101000020E61000004355C4C7EBCA52C04358224C7E074440,0101000020110F00002C8BDA5DD5EB5FC1CDD30D4435985241,4,39064066,15325487.0,8.0,1205 BARRINGER ST,,,19119-3942,38900.0,290847,221028600.0,SMITH JEAN,,Yes,694251,3219,Vacant Residential Property / Lot,,2016-03-09 22:21:21+00,2016-03-09 22:21:21+00,2018-02-01 05:00:00+00,,Closed,0.0,,,RDF FIELD SERVICES,Company,RDF FIELD SERVICES,"7534 WOODBINE AVENUE PHILADELPHIA, PA  19151 USA",,,,,,,,,,,2690408.44288063,274726.624093839,,,,2016-03-09 22:21:21+00,40.05854179074279,-75.1706408898654
0101000020E61000009C6ED1DD5CC552C0C96C15A5AD044440,0101000020110F0000DEE97B6764E25FC1D739D6BB15955241,5,9321088,15325506.0,9.0,6036 BELDEN ST,,,19149-3232,31102.0,154413,531296300.0,LIANG TIMOTHY YIREN,No,Yes,336967,3202,Rental,Residential Dwellings,2005-09-14 20:17:00+00,2017-03-23 04:00:00+00,2018-02-28 05:00:00+00,2018-04-29 04:00:00+00,Closed,1.0,ADDIE K & SHIRLEY F SZE,SZE,ADDIE K & SHIRLEY F SZE SZE,Individual,ADDIE K & SHIRLEY F SZE SZE,"209 BAY 34TH STREET BROOKLYN, NY  11214 USA",,,,,,,,,,,2714949.88364262,267440.641370185,,,336965.0,2016-03-01 05:00:00+00,40.03654922052517,-75.0837931199298
0101000020E61000005DDF9ADE6ECC52C0C4EE27AA33014440,0101000020110F00008F6A68E066EE5FC14C5E24B23A915241,6,39041361,15325575.0,4.0,3696 EVELINE ST,,,19129-1709,20700.0,442136,383048500.0,"KAWULICZ JAKE ROBERT, RAMCHARAN LEYLANIE",No,Yes,654623,3202,Rental,Residential Dwellings,2015-02-10 16:24:33+00,2016-04-19 04:00:00+00,2017-04-30 04:00:00+00,2017-06-29 04:00:00+00,Inactive,1.0,MATTHEW,BARR,MATTHEW C BARR,Individual,MATTHEW C BARR,"410 W STATE ST MEDIA, PA  19063 USA",,,,,,,,,,,2684315.97488496,256636.407684098,,,654622.0,2016-05-01 04:00:00+00,40.0093891806587,-75.19426694034833
0101000020E6100000CEF92812A3C552C08A02900632044440,0101000020110F000013BE50A7DBE25FC16F510E9C8C945241,7,9396627,15325630.0,9.0,975 CARVER ST,,,19124-1037,39000.0,154967,351259200.0,"ULYANITSKIY YEFIM TR, ULYANITSKAYA LYUDMILA TR",No,Yes,386582,3202,Rental,Residential Dwellings,2006-10-20 12:38:00+00,2011-02-04 20:22:22+00,2012-02-29 05:00:00+00,2012-02-16 19:57:00+00,Inactive,1.0,DANIEL & HELEN,STANGO,DANIEL & HELEN STANGO,Individual,DANIEL & HELEN STANGO,"8748 STARDUST LANE PHILADELPHIA, PA  19136 USA",,,,,,,,,,,2713792.02349897,266030.796497252,,,364739.0,2011-02-04 20:22:22+00,40.03277666122183,-75.08807806016486
0101000020E61000009689FD4573CC52C0012B4933E0F74340,0101000020110F000050AC625B6EEE5FC1A16260CDE4865241,8,9207147,15325730.0,2.0,1352 S CORLIES ST,,,19146-3508,3300.0,144427,362257400.0,MONI DELAW GROUP LLC,No,Yes,229164,3202,Rental,Residential Dwellings,2003-03-17 05:00:00+00,2003-03-17 05:00:00+00,2004-02-29 05:00:00+00,2012-12-22 16:51:47+00,Inactive,1.0,,,MONTONE FRANCIS,Company,MONTONE FRANCIS,"2000 S 29TH ST PHILADELPHIA, PA  19145 USA",,,,,,,,,,,2685008.6358031,230103.868997098,,,,2003-03-17 05:00:00+00,39.93652955124527,-75.19453572997585
0101000020E61000009F4B0E1B9FC152C092C441659D054440,0101000020110F0000A876188D09DC5FC1D1A6A7B21F965241,9,9321991,15325740.0,6.0,8114 CRAIG ST,,,19136-2323,33102.0,479680,642061500.0,EGNER ROY E,No,Yes,321824,3202,Rental,Residential Dwellings,2005-06-09 17:21:10+00,2026-02-26 05:00:00+00,2027-02-28 05:00:00+00,,Active,1.0,ROY E,EGNER,ROY E EGNER,Individual,ROY E EGNER,"8108 CRAIG ST PHILADELPHIA, PA  19136 USA",,,,,,,,,,,2731228.57826733,270604.213458124,,Yes,29114.0,2026-03-01 05:00:00+00,40.04386583052941,-75.02533604045901
0101000020E610000092BAB2A520CA52C0EAA1D9499EF84340,0101000020110F0000DF631B537CEA5FC11ECDF05CB7875241,10,9197611,15325787.0,1.0,612 S DELHI ST,,,19147-1923,1500.0,341127,23249100.0,FRIEDRICH ALEXANDRA,No,Yes,230212,3202,Rental,Residential Dwellings,2004-04-07 04:00:00+00,2016-03-12 05:00:00+00,2017-02-28 05:00:00+00,2017-04-29 04:00:00+00,Inactive,1.0,STEPHANIE,GRAVES,STEPHANIE GRAVES,Individual,STEPHANIE GRAVES (C/O LUBLIN CORP R E),"1708 WELSH RD PHILADELPHIA, PA  19115 USA",,,,,,,,,,,2695119.69184591,232512.721897493,,,67424.0,2016-03-01 05:00:00+00,39.94233058096491,-75.15824263051971
0101000020E61000002535B9F3CAC452C06FB41729B9024440,0101000020110F0000F6A0CB8D6CE15FC1E304C79EEA925241,11,9204216,15325825.0,7.0,5239 DUFFIELD ST,,,19124-1322,300.0,,,,No,Yes,216635,3202,Rental,,2004-07-29 04:00:00+00,2016-03-10 05:00:00+00,2017-02-28 05:00:00+00,2017-04-29 04:00:00+00,Inactive,3.0,JACK,FOODY,FOODY JOHN & BARBARA,Individual,FOODY JOHN & BARBARA,"2398 HOLLIS RD HAVERTOWN, PA  19083 USA",,,,,,,,,,,2717610.99802547,261954.694646298,,,43576.0,2016-03-01 05:00:00+00,40.02127565057241,-75.07488720976524
0101000020E610000042528BDB09C352C09F182191DF034440,0101000020110F00002C1EC6B871DE5FC18118942531945241,12,72657193,15325895.0,6.0,4233 GLENVIEW ST,,,19135-2111,32500.0,84100,552172100.0,"LIN WEI, WU SHAO ZHONG",Yes,Yes,748668,3202,Rental,Residential Dwellings,2017-08-14 16:50:35+00,2025-08-27 04:00:00+00,2026-08-13 04:00:00+00,,Expired,2.0,WU,ZHONG,SHAO ZHONG WU & WEI LIN,Individual,SHAO ZHONG WU & WEI LIN,"4233 GLENVIEW ST,  PHILADELPHIA, PA  19135 USA",,,,,,,,,,,2725184.23847516,265459.791928008,,Yes,93656.0,2025-08-14 04:00:00+00,40.03026022068047,-75.04747665982816
0101000020E61000007C5FF14C22CB52C086909C4D53044440,0101000020110F00006B8185F931EC5FC18B489685B1945241,13,9183549,15325903.0,8.0,5511 GREENE ST,,,19144-2894,24100.0,468161,776537001.0,"TRUSTEES OF THE GREEN ST, MONTHLY MEETING OF FRIEND",,Yes,202661,3120,Food Preparing and Serving,,2004-07-06 04:00:00+00,2004-07-06 04:00:00+00,2005-04-30 04:00:00+00,2012-12-22 16:51:36+00,Inactive,,,,GREENE STREET FRIENDS,Company,GREENE STREET FRIENDS,"5511 GREENE ST PHILADELPHIA, PA  19144 USA",,,,,,,,,,,2689740.32218788,265687.416027071,,,,2004-07-06 04:00:00+00,40.03379221100572,-75.17396853992062
0101000020E61000005BBEF18DB0C752C071D66AC895FD4340,0101000020110F000045F87F3D58E65FC114750142388D5241,14,9249035,15325938.0,1.0,2354 E HAROLD ST,,,19125-2337,16000.0,396122,314174600.0,"ROHMAN FARJANA, SUMON ARIFUL",No,Yes,256460,3202,Rental,Residential Dwellings,2004-07-02 04:00:00+00,2005-04-30 17:43:06+00,2006-02-28 05:00:00+00,2012-12-22 16:52:00+00,Inactive,1.0,,,ALIVEST LLP,Company,ALIVEST LLP,"2332 E ALLEGHENY AVE PHILADELPHIA, PA  19134 USA",,,,,,,,,,,2705374.96472751,246957.386977436,,,122235.0,2005-04-30 17:43:06+00,39.9811335107487,-75.1201510296609
0101000020E61000007F3C9C3EF1C752C02CB037EB25FE4340,0101000020110F00002B21751FC6E65FC1BB191705D88D5241,15,50006182,15326095.0,1.0,2608 FRANKFORD AVE,,,19125-1412,16100.0,171166,885373000.0,LITTLE MAN PROPERTIES LLC,No,Yes,718085,3202,Rental,,2016-10-30 12:09:07+00,2017-12-13 05:00:00+00,2018-10-29 04:00:00+00,2018-12-28 05:00:00+00,Inactive,4.0,,,TLK Management LLC,Company,TLK Management LLC,"623 Eagle Rock Avenue #112 West Orange, NJ  07052 USA",,,,,,,,,,,2704221.3323167,248526.119496633,,,604676.0,2017-10-30 04:00:00+00,39.985532190505495,-75.12409940011456
0101000020E610000009EC015C5ACB52C05045C13F6BF84340,0101000020110F000000BA3F3291EC5FC10FC52AD37E875241,16,9421040,15326191.0,2.0,2046 MONTROSE ST,,,19146-2631,1900.0,176364,301223100.0,WILLIAMS WILL KEITH II,No,Yes,387150,3202,Rental,Residential Dwellings,2006-10-06 18:02:00+00,2013-03-16 14:32:08+00,2014-02-28 05:00:00+00,,Inactive,1.0,KEITH  W,WILLIAMS,KEITH  W WILLIAMS,Individual,KEITH  W WILLIAMS,"710 1/2 CHURCH LA YEADON, PA  19050 USA",,,,,,,,,,,2689769.59817199,231788.594706947,,,312085.0,2013-03-16 14:32:08+00,39.94077298104333,-75.17739010036179
0101000020E61000007F955EECA4C652C0E449B484F7FF4340,0101000020110F000069704CA491E45FC1F94D9D2ADC8F5241,17,127105866,15326246.0,6.0,3554 JASPER ST,,,19134-2038,18800.0,69318,452385200.0,BARRATT LAKETIA,No,Yes,812878,3202,Rental,Residential Dwellings,2019-05-17 17:12:17+00,2019-05-17 17:12:17+00,2020-05-16 17:12:17+00,2020-07-15 04:00:00+00,Inactive,1.0,LISA AND JOSEPH ,ARMSTRONG,LISA AND JOSEPH  ARMSTRONG ,Individual,LISA AND JOSEPH  ARMSTRONG,"92 W PEACE VALLEY RD CHALFONT, PA  18914 USA",,,,,,,,,,,2709747.50609243,253869.507117965,,,812873.0,2019-05-17 17:12:17+00,39.99974116137653,-75.10381612049785
0101000020E610000012A2F92D36CD52C0A450A05992FB4340,0101000020110F0000288BBC6CB9EF5FC1E057A907FD8A5241,18,9178916,15326313.0,3.0,4130-32 LANCASTER AVE,,,19104-1727,10600.0,436246,882933595.0,4130 LANCASTER AVE LLC,,Yes,199902,3118,"Food Establishment, Retail Permanent Location",,2004-05-21 04:00:00+00,2011-05-10 20:39:25+00,2012-04-30 04:00:00+00,2012-03-07 18:45:00+00,Inactive,,CHOI,EUN,CHOI A EUN,Individual,CHOI A EUN (T/A EUN'S FOOD MARKET),"4130 LANCASTER AVE PHILADELPHIA, PA  19104 USA",,,,,,,,,,,2681371.17746119,240521.565227338,,,129293.0,2011-05-10 20:39:25+00,39.96540375068551,-75.20643185976249
0101000020E6100000B61B65B993CB52C0E3567B3654F64340,0101000020110F00009D76DBA2F2EC5FC19A574E392E855241,19,9544750,15326319.0,2.0,2200 S LAMBERT ST,,,19145-3521,3702.0,471273,871574390.0,"QUACH LONG, QUACH HOA T",No,Yes,532376,3202,Rental,Residential Dwellings,2011-05-06 13:55:00+00,2026-04-11 04:00:00+00,2027-02-28 05:00:00+00,,Active,1.0,HOA THUY,QUACH,HOA THUY QUACH,Individual,HOA THUY QUACH,"248 W VALLEY FORGE RD KING OF PRUSSIA, PA  19406 USA",,,,,,,,,,,2688961.25376898,225814.536017605,,Yes,484160.0,2026-03-01 05:00:00+00,39.92444497129852,-75.18089136957028
0101000020E6100000809BF0A8A9C852C0EF380E8BD9FE4340,0101000020110F00009AF9F35EFFE75FC1FA15D4219F8E5241,20,9301185,15326335.0,7.0,200-30 W LEHIGH AVE,,,19133-3424,16300.0,425354,882063725.0,CORP MC DONALD'S,,Yes,201337,3120,Food Preparing and Serving,,2000-04-14 04:00:00+00,2000-04-14 04:00:00+00,2001-04-30 04:00:00+00,,Inactive,,,,WELBURN ENTERPRISES INC,Company,WELBURN ENTERPRISES INC,"200 W LEHIGH AVE PHILADELPHIA, PA  19133 USA",,,,,,,,,,,2701009.50172016,250428.560002089,,,66987.0,2000-04-14 04:00:00+00,39.99101389116719,-75.13535521981066
0101000020E61000002FD34B45B8CE52C0C2F045F78F044440,0101000020110F00001EF6443D49F25FC1EB5ED1CFF4945241,21,9403736,15326353.0,4.0,229 LEMONTE ST,,,19128-4519,21500.0,112349,212311010.0,"SWIFT JOHN, SWIFT KATHRYN",No,Yes,616219,3202,Rental,Residential Dwellings,2014-01-27 20:52:16+00,2014-01-27 20:52:16+00,2015-02-28 05:00:00+00,2015-04-29 04:00:00+00,Closed,1.0,JOHN AND KATHRYN,SWIFT,JOHN AND KATHRYN SWIFT,Individual,JOHN AND KATHRYN SWIFT,"260 LEMONTE STREET PHILADELPHIA, PA  19128 USA",,,,,,,,,,,2674038.47474591,265908.920861814,,,11652.0,2014-01-27 20:52:16+00,40.03564349093496,-75.22999699024943
0101000020E6100000F7537A3EB9CA52C0FBD36E4D63F94340,0101000020110F000049FA90867FEB5FC1764D4D9D91885241,22,9261861,15326373.0,2.0,1530-34 LOCUST ST,,,19102-4401,804.0,461987,881030500.0,"CHESWOLD VERSAILLES I LLC, CHESWOLD VERSAILLES II LL",,Yes,286698,3335,Hazardous Materials,,2004-12-15 05:00:00+00,2004-12-15 05:00:00+00,2005-12-15 05:00:00+00,,Inactive,,,,VERSAILLES AFFILIATES,Company,VERSAILLES AFFILIATES,"1530 LOCUST ST PHILADELPHIA, PA  19102 USA",,,,,,,,,,,2692445.21044033,234625.495555566,,,87183.0,2004-12-15 05:00:00+00,39.948342970958,-75.16755639978497
0101000020E6100000EEF590C73CCE52C0AC441F4639034440,0101000020110F000049F72A7A77F15FC1FC92A8B478935241,23,9290112,15326405.0,4.0,4319 MAIN ST,,,19127-1504,21000.0,59447,882775205.0,4319 MAIN LLC,,Yes,297507,3417,Dumpster License - Public ROW,,2004-03-30 05:00:00+00,2008-04-09 20:22:26+00,2009-03-31 04:00:00+00,2011-12-14 21:18:24+00,Inactive,,,,PATRICIA GORMAN ASSOC,Company,PATRICIA GORMAN ASSOC,"4319 MAIN ST PHILADELPHIA, PA  19127 USA",,,,,,,,,,,2676257.17914026,262161.069017629,,,57224.0,2008-04-09 20:22:26+00,40.02518536116381,-75.22245968967738
0101000020E6100000D0266DE5C4CD52C02F3DD3F93A034440,0101000020110F0000917FE0D7ABF05FC111B6E4977A935241,24,9244570,15326412.0,4.0,4124 MANAYUNK AVE,,,19128-5028,21000.0,124714,211342400.0,CRANDALL KAILEY J,No,Yes,262861,3202,Rental,Residential Dwellings,2004-02-06 05:00:00+00,2004-02-06 05:00:00+00,2005-02-28 05:00:00+00,2012-12-22 16:52:04+00,Inactive,2.0,STEPHEN P     MENYO LAURIE D,MENYO,STEPHEN MENYO,Individual,STEPHEN MENYO (WISSAHICKON WASHAUS),"4121 FRANKLIN WAY LAFAYETT, PA  19444 USA",,,,,,,,,,,2678304.995053,262238.708685738,,,70924.0,2004-02-06 05:00:00+00,40.02523730101017,-75.21514259013497
0101000020E6100000A97E1B22F4CA52C0452A14D1F9F94340,0101000020110F00000A480A8EE3EB5FC16A2FD55D38895241,25,9344516,15326419.0,5.0,1818-28 MARKET ST,,,19103-3717,402.0,19002,883033001.0,SRI ELEVEN 1818 MARKET L,,Yes,306367,3371,Public Garage / Parking Lot,,2005-02-17 14:30:00+00,2006-01-04 05:00:00+00,2006-12-31 05:00:00+00,2006-12-27 18:27:00+00,Inactive,,,,ALBERT ASHFORTH INC,Company,ALBERT ASHFORTH INC,"1818 MARKET ST SUITE 1120 PHILADELPHIA, PA  19103 USA",,,,,,,,,,,2691389.03642288,236268.605413637,,,165956.0,2006-01-04 05:00:00+00,39.95293630108476,-75.17115070996319
0101000020E61000002F7CAA5E1DC452C0141175E2BC034440,0101000020110F00009F4AFBB445E05FC11B7DA8AD0A945241,26,73121239,15326482.0,7.0,2931 MCKINLEY ST,,,19149-3008,31700.0,416897,621261200.0,JUAN YAN WEN,No,Yes,749333,3202,Rental,Residential Dwellings,2017-08-21 21:29:15+00,2019-02-06 05:00:00+00,2019-08-20 04:00:00+00,2019-10-19 04:00:00+00,Inactive,1.0,TONI ANN,GAERLAN,TONI ANN GAERLAN,Individual,TONI ANN GAERLAN,"2931 mc kinley st philadelphia, PA  19149 USA",,,,,,,,,,,2720489.0968962,264930.768771933,,,749327.0,2018-08-21 04:00:00+00,40.02920180050037,-75.0642925896543
0101000020E610000022E3D4A0A0CB52C034FF03405BF74340,0101000020110F0000E1AA138E08ED5FC10DA9318B51865241,27,9185146,15326518.0,2.0,1532 POINT BREEZE AVE,,,19146-4506,3200.0,86053,363284100.0,PHILADELPHIA LOTUS 20 LLC,No,Yes,578973,3202,Rental,Residential Dwellings,2012-12-03 17:29:00+00,2013-03-16 14:25:25+00,2014-02-28 05:00:00+00,2013-12-20 15:43:00+00,Inactive,1.0,,,POINT BREEZE AVENUE LLC,Company,POINT BREEZE AVENUE LLC,"1610 SPRUCE STREET PHILADELPHIA, PA  19103 USA",,,,,,,,,,,2688655.41663713,228731.060531576,,,578653.0,2013-03-16 14:25:25+00,39.9324722308651,-75.18167897023935
0101000020E6100000B01BCA9CB4CE52C020AE64F64BF74340,0101000020110F000077BC840643F25FC11FD4869C40865241,28,9194354,15326593.0,2.0,6000 REINHARD ST,,,19142-2414,6600.0,362913,871560550.0,LIN YI YU,,Yes,208504,3120,Food Preparing and Serving,,2004-09-09 04:00:00+00,2004-09-09 04:00:00+00,2005-04-30 04:00:00+00,2009-09-18 15:50:00+00,Inactive,,SABRINA YA,XUE,SABRINA YA XUE,Individual,SABRINA YA XUE,"307 N EASTON ROAD GLENSIDE, PA  19038 USA",,,,,,,,,,,2675178.23082685,228172.648964113,,,168470.0,2004-09-09 04:00:00+00,39.932005690727465,-75.22977370965123
0101000020E6100000FEF64286DFC952C0E28C9BD878F94340,0101000020110F0000368DFEB40DEA5FC1527B4A7BA9885241,29,39059499,15326608.0,1.0,801 SANSOM ST,,,19107-5105,600.0,242168,882603600.0,"CHERKASSKY LEON, CHERKASSKY IRENE",,Yes,696044,3524,Precious Metal Dealer,,2016-03-24 13:17:00+00,2024-01-11 05:00:00+00,2024-03-01 05:00:00+00,2024-04-30 04:00:00+00,Inactive,,,,LEON'S JEWELRY INC,Company,LEON'S JEWELRY INC,"801 SANSOM ST PHILADELPHIA, PA  19107 USA",,,,,,,,,,,2696162.32618231,234974.108030687,,,151817.0,2020-03-02 05:00:00+00,39.94900043101531,-75.15426785029919
0101000020E61000008B4E9A5374C952C0DF76191EC5004440,0101000020110F00005277E09E57E95FC193CDD01EC0905241,30,9340220,15326743.0,5.0,3509-19 OLD YORK RD,,,19140-4227,19900.0,262548,884349220.0,VOICE COMMUNITY ECONOMIC DEVELOPMENT COR,,Yes,315460,3335,Hazardous Materials,,2007-05-11 14:54:00+00,2008-03-07 16:15:35+00,2008-11-30 05:00:00+00,2012-06-18 18:31:00+00,Inactive,,,,LINROB INC,Company,LINROB INC,"3519 OLD YORK RD PHILADELPHIA, PA  19140 USA",,,,,,,,,,,2697384.02165126,255788.670402228,,,315458.0,2008-03-07 16:15:35+00,40.00601555102707,-75.14772501057648
0101000020E6100000F5FEA62486C552C08795223F59044440,0101000020110F000012B85084AAE25FC107D24F1DB8945241,31,9275435,15326772.0,9.0,5832 OXFORD AVE,,,19149-3722,39000.0,456828,352340900.0,VALAPPIL DHANYA PRIYA,No,Yes,261221,3202,Rental,Residential Dwellings,2004-02-23 05:00:00+00,2013-02-06 21:35:41+00,2014-02-28 05:00:00+00,2014-03-15 15:47:00+00,Inactive,1.0,HELEN,BELKIN,HELEN BELKIN,Individual,HELEN BELKIN,"702 GREYMONT ST PHILADELPHIA, PA  19116 USA",,,,,,,,,,,2714273.06434965,266481.525095581,,,139693.0,2013-02-06 21:35:41+00,40.03397359074284,-75.08631244953342
0101000020E6100000E35150F997CC52C069CFD10DD1F74340,0101000020110F000093A149B2ACEE5FC114198006D4865241,32,39055360,15326796.0,2.0,1422 S PATTON ST,,,19146-3424,3300.0,226748,364453200.0,AMBERSTONE GROUP LLC,No,Yes,682681,3202,Rental,Residential Dwellings,2015-11-03 17:54:43+00,2026-07-06 04:00:00+00,2026-11-30 05:00:00+00,,Active,1.0,MIKE,BERNSTEIN,MIKE BERNSTEIN,Individual,MIKE BERNSTEIN (THE AMBERSTONE GROUP LLC),"145 STIMPSON LN CAPE MAY, NJ  08204 USA",,,,,,,,,,,2684385.61496884,229917.391019237,,No,682675.0,2025-12-01 05:00:00+00,39.936067321249375,-75.19677574962365
0101000020E6100000C1D502D51ACC52C060A30DDF88F74340,0101000020110F0000DA5C6721D8ED5FC1BCEEE31284865241,33,9422175,15326934.0,2.0,1522 S LECOUNT ST,,,19146-4427,3200.0,342664,364285400.0,ZENITH REAL ESTATE INC,No,Yes,384151,3202,Rental,Residential Dwellings,2006-09-13 12:48:00+00,2013-04-23 15:11:47+00,2014-02-28 05:00:00+00,2013-12-24 20:35:43+00,Inactive,1.0,,,INNER CITY REHAB INC,Company,INNER CITY REHAB INC (HOWARD BERNSTEIN AGT),"1804 BEACON HILL DR DRESHER, PA  19025 USA",,,,,,,,,,,2686549.87612019,229177.28314053,,,80300.0,2013-04-23 15:11:47+00,39.933864480647344,-75.18913769986013
0101000020E6100000D8D4B3A537CA52C0CED1870363F54340,0101000020110F0000218D7964A3EA5FC146A4CD1E23845241,34,9577490,15327315.0,1.0,2538 S 7TH ST,,,19148-4602,4102.0,523428,393191300.0,ZHANG LINZHI,No,Yes,546014,3202,Rental,Residential Dwellings,2011-10-11 17:07:00+00,2019-03-14 04:00:00+00,2020-02-29 05:00:00+00,,Closed,2.0,NICHOLAS,MESORACA,NICHOLAS MESORACA,Individual,NICHOLAS MESORACA,"PO Box 54901 Philadelphia, PA  19148 USA",,,,,,,,,,,2694995.95839281,223308.316694577,,,545206.0,2019-03-01 05:00:00+00,39.91708416110815,-75.15964644014036
0101000020E6100000C36A4C1E89CA52C0C742E18656014440,0101000020110F0000B67F80C72DEB5FC105A8445A61915241,35,9511285,15327334.0,8.0,3630 N 2ND ST,,,19140-4605,20200.0,-885103540,885103540.0,DELLA VECCHIA GENNARO,,Yes,479855,3335,Hazardous Materials,,2011-08-10 04:00:00+00,2018-11-30 05:00:00+00,2019-12-31 05:00:00+00,2020-02-29 05:00:00+00,Inactive,,,,NDV SCRAP METAL INC,Company,NDV SCRAP METAL INC,"1431 BROAD ST DRESHER, PA  19025 USA",,,,,,,,,,,2692606.1278636,257265.513051412,,,389983.0,2019-01-01 05:00:00+00,40.01045309065881,-75.16461904013254
0101000020E610000012E21A1A09CF52C08FD2DAACE1F94340,0101000020110F00002563168AD2F25FC12DB7AD9E1D895241,36,9335724,15327374.0,3.0,528 S 56TH ST,,,19143-1945,8102.0,484615,463218800.0,TOP QUALITY EXECUTIVES LLC,No,Yes,340515,3202,Rental,Residential Dwellings,2005-10-12 13:51:00+00,2006-04-21 02:32:11+00,2007-02-28 05:00:00+00,2007-08-29 12:23:00+00,Closed,1.0,ROSEMARY,LAMBERSON WILLIAMS,ROSEMARY LAMBERSON WILLIAMS,Individual,ROSEMARY LAMBERSON WILLIAMS (LARRY WILLIAMS),"1951 W PACIFIC STREET PHILADELPHIA, PA  19140 USA",,,,,,,,,,,2673523.15821322,235484.705450182,,,134822.0,2006-04-21 02:32:11+00,39.95219956097309,-75.23493054032613
0101000020E6100000D91CC1FA62CB52C0EF2F7AEE98054440,0101000020110F00006068A1D69FEC5FC11078DCBE1A965241,37,9602733,15327483.0,8.0,6145 BAYNTON ST,,,19144-2036,25200.0,21958,592194300.0,JURME TSERING,,Yes,568289,3219,Vacant Residential Property / Lot,,2012-07-06 17:31:34+00,2012-07-06 17:31:34+00,2013-02-28 05:00:00+00,,Inactive,0.0,NINAN,GEEVARGHESE,NINAN GEEVARGHESE,Individual,NINAN GEEVARGHESE,"865 OAKFIELD LANE PHILADELPHIA, PA  19115 USA",,,,,,,,,,,2688529.93710534,269273.688534811,,,159171.0,2012-07-06 17:31:34+00,40.04372960058378,-75.17791622980748
0101000020E6100000481DF307DEC752C014BEF3968E024440,0101000020110F00002B149E7CA5E65FC1196C8B68BB925241,38,9364791,15327696.0,7.0,4606 A ST,,,19120-4414,28800.0,149674,421287500.0,"SINGH NILDA RUIZ, SINGH SASHA",No,Yes,360166,3202,Rental,Residential Dwellings,2006-03-15 21:30:48+00,2008-03-18 16:11:34+00,2009-02-28 05:00:00+00,2012-12-22 17:02:18+00,Inactive,1.0,SASHA,SINGH,SASHA & NILDA SINGH,Individual,SASHA & NILDA SINGH,"308 VISTA DR PHOENIXVILLE, PA  19460-1053 USA",,,,,,,,,,,2704176.59584069,261077.799597293,,,317040.0,2008-03-18 16:11:34+00,40.01997649098863,-75.12292670003546
0101000020E61000007935931BE0C752C08EA85D76ADFF4340,0101000020110F00008EFDA203A9E65FC1AC0342108A8F5241,39,39064997,15327732.0,7.0,404 E ALLEGHENY AVE,,,19134-2323,17702.0,441108,71304300.0,MRF INVESTMENT INC,No,Yes,674822,3202,Rental,Residential Dwellings,2015-08-19 16:26:26+00,2025-07-23 04:00:00+00,2026-08-31 04:00:00+00,,Active,2.0,,,MRF INVESTMENT INC,Company,MRF INVESTMENT INC,"115 Bloomfield Ave Philadelphia, PA  19115 USA",,,,,,,,,,,2704384.83770413,252885.705945594,,Yes,587441.0,2024-09-01 04:00:00+00,39.99748115132489,-75.12305344940059
0101000020E610000059764F9F13C452C0BE47DF561B074440,0101000020110F0000947C5E2635E05FC1D25F0276C7975241,40,61681183,15327751.0,10.0,7516 ALMA ST,,,19111-3831,33500.0,498773,561200200.0,"BEGUM POLLY, HASNATH MOHAMMAD ABUL",No,Yes,732774,3202,Rental,Residential Dwellings,2017-03-23 21:27:45+00,2020-05-07 04:00:00+00,2021-03-22 04:00:00+00,2021-05-21 04:00:00+00,Inactive,1.0,MOHAMMAD,RAHMAN,MOHAMMAD A RAHMAN ,Individual,MOHAMMAD A RAHMAN,"2011 SHELMIRE AVE PHILADELPHIA, PA  19152 USA",,,,,,,,,,,2720364.02029195,274519.3457014,,,480219.0,2020-03-23 04:00:00+00,40.05552183058124,-75.06369765052786
0101000020E610000099A3CAF8B7C452C04977E87F24024440,0101000020110F00001F1F69504CE15FC10918AEC145925241,41,39067941,15327936.0,7.0,5032 COTTAGE ST,,,19124-2137,29900.0,292938,622375700.0,DEUTSCHE BANK TRUST COMPA,,Yes,679253,3219,Vacant Residential Property / Lot,,2015-10-02 13:38:56+00,2015-10-02 13:38:56+00,2016-10-31 04:00:00+00,2016-12-30 05:00:00+00,Closed,0.0,,,THE BANK OF NEW YORK MELLON,Company,THE BANK OF NEW YORK MELLON (SAMIR SHAIKH AGT),"1000 ABERNATHY RD #200 ATLANTA, GA  30328 USA",,,,,,,,,,,2717985.37828333,260312.614902663,,,,2015-10-02 13:38:56+00,40.01673888064267,-75.07372875012369
0101000020E6100000717847906BC252C0392FC65334044440,0101000020110F00006030EED764DD5FC1DD6F9E298F945241,42,9183316,15327942.0,6.0,4408 COTTMAN AVE,,,19135-1206,32600.0,193794,412067900.0,"GIANG KEN H, NGOV TIFFANY M",No,Yes,212781,3202,Rental,Residential Dwellings,2004-03-29 05:00:00+00,2012-03-03 16:17:32+00,2013-02-28 05:00:00+00,,Inactive,2.0,MICHAEL,SCHNEIDER,MICHAEL SCHNEIDER,Individual,MICHAEL SCHNEIDER,"6560 JEFFERSON CT BENSALEM, PA  19020 USA",,,,,,,,,,,2727859.5952053,266484.562507985,,,153402.0,2012-03-03 16:17:32+00,40.032846900720365,-75.0378151605562
0101000020E6100000593F9F5585C952C0C7CE5ADBD6024440,0101000020110F0000A1E29D8274E95FC1DA59F58D0B935241,43,9402926,15328016.0,8.0,4520 N BROAD ST,,,19140-1216,28000.0,408863,132007900.0,HOLLIMON EDWIN A,No,Yes,378518,3202,Rental,,2006-07-21 13:51:00+00,2014-03-20 17:00:54+00,2015-02-28 05:00:00+00,2015-04-29 04:00:00+00,Inactive,3.0,BRIAN,WISE,BRIAN K WISE,Individual,BRIAN K WISE,"6633 GERMANTOWN AVENUE PHILADELPHIA, PA  19119 USA",,,,,,,,,,,2696919.9038857,261666.676095763,,,151262.0,2014-03-20 17:00:54+00,40.0221819108388,-75.14876308967122
0101000020E61000006674ED9191CD52C08E9D49B2C3FB4340,0101000020110F000013B21DA954F05FC1D71C57B6338B5241,44,9469523,15328023.0,3.0,4423 BROWN ST,,,19104-1356,10500.0,317396,62008600.0,"NURSE ALBERT, NURSE INGRID",No,Yes,442898,3202,Rental,Residential Dwellings,2008-04-25 14:33:19+00,2025-03-04 05:00:00+00,2026-02-28 05:00:00+00,2026-04-29 04:00:00+00,Inactive,2.0,ALBERT & INGRID,NURSE,ALBERT & INGRID NURSE,Individual,ALBERT & INGRID NURSE,"109 DEFILLIPO DRIVE SOUTH PLAINFIELD, NJ  07080 USA",,,,,,,,,,,2679792.52241377,241024.944255767,,Yes,358473.0,2025-03-01 05:00:00+00,39.96690968126778,-75.21200988949712
0101000020E6100000992EAE7BB1C652C0E4AA5CD234064440,0101000020110F0000DDE7D3F9A6E45FC13C79F5B1C7965241,45,55883491,15328101.0,9.0,239 HIGBEE ST,,,19111-5905,30502.0,28390,352155300.0,ZHEN QIAO MEI,No,Yes,728625,3202,Rental,Residential Dwellings,2017-02-15 15:54:20+00,2026-01-07 05:00:00+00,2027-02-14 05:00:00+00,,Active,1.0,QIA MEI & YONG WEI,ZHEN,QIA MEI ZHEN,Individual,QIA MEI ZHEN,"8514  91ST ST WOODHAVEN, NY  11421 USA",,,,,,,,,,,2709000.98359466,271612.381156945,,No,666185.0,2026-02-15 05:00:00+00,40.04848699116499,-75.10458271036113
0101000020E61000007CC43B5082BE52C0985EA364D50C4440,0101000020110F00004F278A1EC0D65FC18D531CB5229E5241,46,39065346,15328167.0,10.0,12314 DUNKS FERRY RD,,,19154-1921,36303.0,13949,663159500.0,"STANKEVITCH ALEXEI, STANKEVITCH ALENA",No,Yes,672014,3202,Rental,Residential Dwellings,2015-07-22 17:48:30+00,2015-07-22 17:48:30+00,2016-07-31 04:00:00+00,2016-09-29 04:00:00+00,Inactive,1.0,ALEXEI,STANKEVITCH,ALEXEI STANKEVITCH,Individual,ALEXEI STANKEVITCH,"240 ECHELON RD VOORHEES, NJ  08043 USA",,,,,,,,,,,2744192.97234205,291562.160482872,,,672013.0,2015-07-22 17:48:30+00,40.10026224114444,-74.97670369946167
0101000020E610000050C9C7546ACF52C0BD30B96CA5FC4340,0101000020110F00008F8267B177F35FC171C05FDD2D8C5241,47,9472177,15328180.0,4.0,1452 N EDGEWOOD ST,,,19151-4222,10100.0,100492,342230900.0,WALHEIM REAL ESTATE INVES,No,Yes,454547,3202,Rental,Residential Dwellings,2008-08-20 19:00:00+00,2026-02-24 05:00:00+00,2027-02-28 05:00:00+00,,Active,1.0,,,WALHEIM REAL ESTATE INVESTMENTS LLC,Company,WALHEIM REAL ESTATE INVESTMENTS LLC,"40 W EAGLE ROAD HAVERTOWN, PA  19083 USA",,,,,,,,,,,2671636.55783587,243302.266488941,,Yes,439137.0,2026-03-01 05:00:00+00,39.97379836122989,-75.24086493978871
0101000020E6100000604F0EF55EC952C03C90865B04FE4340,0101000020110F00003F3C9A5233E95FC103CCB7D1B28D5241,48,39055186,15328276.0,5.0,2152 N FRANKLIN ST,,,19122-1322,37700.0,168254,202073700.0,PHILADELPHIA LOTUS LLC,,Yes,680121,3219,Vacant Residential Property / Lot,,2015-10-08 19:30:53+00,2015-10-08 19:30:53+00,2016-10-31 04:00:00+00,2016-12-30 05:00:00+00,Inactive,0.0,,,GNR MERAV 2 LLC,Company,GNR MERAV 2 LLC,"829 N 29TH ST PHILADELPHIA, PA  19130 USA",Eyal Guigui,829 N 29th St #5,Philadelphia,Pe,19130,,,,,,2697980.18974747,247968.011177698,,,617890.0,2015-10-08 19:30:53+00,39.98450798101882,-75.14642073056666
0101000020E6100000685C720058C752C0170D021622004440,0101000020110F000032B813D3C1E55FC1864A565C0B905241,49,9402065,15328298.0,7.0,3446 G ST,,,19134-1317,19200.0,253146,331328800.0,FARAH MONIER,No,Yes,397338,3202,Rental,Residential Dwellings,2007-01-19 14:34:00+00,2011-05-06 19:32:53+00,2012-02-29 05:00:00+00,2012-12-22 17:02:23+00,Inactive,1.0,,,CROSS KEYS INVESTMENTS,Company,CROSS KEYS INVESTMENTS,"3401 KENSINGTON AVE PHILADELPHIA, PA  19134 USA",,,,,,,,,,,2706672.56991586,254250.96835382,,,337909.0,2011-05-06 19:32:53+00,40.00104022121575,-75.11474620025695
0101000020E6100000F897B45B01CA52C0C69956C07F024440,0101000020110F0000860D542D47EA5FC16134DEF3AA925241,50,9356105,15328306.0,8.0,4316-18 GERMANTOWN AVE,,,19140-1749,20500.0,158473,871000125.0,THAN CHAU VAN,Yes,Yes,341857,3202,Rental,Residential Dwellings,2005-10-21 16:28:53+00,2006-03-14 12:56:49+00,2007-02-28 05:00:00+00,2012-12-22 17:02:15+00,Inactive,2.0,,,DUNN SILVIA C                                     ,Company,DUNN SILVIA C,"10801 6TH ST STE 130 RANCHO CUCAMONGA, CA  91730 USA",,,,,,,,,,,2694829.18949886,260636.391375053,,,,2006-03-14 12:56:49+00,40.01952366093205,-75.15633289943787
0101000020E610000001F7C46DF6C352C0D4B21BF944044440,0101000020110F000069C1CE8F03E05FC112FF60A0A1945241,51,112305044,15328323.0,6.0,2848 GILHAM ST,,,19149-3016,31600.0,59340,551057200.0,WANG ZHI CHUN,No,Yes,799588,3202,Rental,Residential Dwellings,2019-01-15 17:04:51+00,2026-01-07 05:00:00+00,2027-01-14 17:04:50+00,,Active,1.0,ZHI CHUN ,WANG,ZHI CHUN WANG,Individual,ZHI CHUN WANG,"32 MONROE ST  APT BJ5 NEW YORK, NY  10002 USA",,,,,,,,,,,2721108.33545317,266463.215865251,,Yes,799586.0,2026-01-15 17:04:50+00,40.03335489132374,-75.06191581950044
0101000020E61000006488ABB2CAC852C0B48BE223A4FC4340,0101000020110F00003142427D37E85FC17AB7EF702C8C5241,52,9294367,15328399.0,5.0,1507 N HANCOCK ST,,,19122-3812,14400.0,417257,182077100.0,"KHAN LUONG, CHENG AMY",No,Yes,228712,3202,Rental,Residential Dwellings,2003-03-20 05:00:00+00,2006-04-21 02:31:42+00,2007-02-28 05:00:00+00,2007-08-24 12:33:00+00,Inactive,1.0,,,ORTIZ FRANK,Company,ORTIZ FRANK,"3429 N FRONT ST PHILADELPHIA, PA  19140 USA",,,,,,,,,,,2700630.66454869,244128.997337154,,,,2006-04-21 02:31:42+00,39.9737591606312,-75.13737169982193
0101000020E6100000FB684BC972C352C032D0C8908C044440,0101000020110F000096F028F423DF5FC158E9370AF1945241,53,106546690,15328498.0,6.0,3114 LONGSHORE AVE,,,19149-2022,31502.0,421725,551260200.0,"ZHANG JIAN XING, CHEN WEN MIN",No,Yes,792536,3202,Rental,Residential Dwellings,2018-10-23 16:04:19+00,2025-09-25 04:00:00+00,2026-10-22 04:00:00+00,,Active,1.0,WEN,CHEN,Wen Min Chen,Individual,Wen Min Chen,"2846 Saint Vincent St Philadelphia, PA  19149 USA",,,,,,,,,,,2723332.92731406,267327.31841401,,No,792534.0,2025-10-23 04:00:00+00,40.03553972058616,-75.05388100017801
0101000020E61000006B0274EDEEC652C025BA17D956044440,0101000020110F00002EFE6D580FE55FC116E43174B5945241,54,9605754,15328527.0,9.0,643 MAYFAIR ST,,,19120-2645,29100.0,171305,351072000.0,LO YANG LING,No,Yes,575521,3202,Rental,Residential Dwellings,2012-10-11 14:25:55+00,2026-01-28 05:00:00+00,2027-02-28 05:00:00+00,,Active,1.0,YANG LING,LO,YANG LING LO,Individual,YANG LING LO,"1055 TALL TREES COURT GARNET VALLEY, PA  19060 USA",,,,,,,,,,,2708110.4516034,266269.680550149,,Yes,522873.0,2026-03-01 05:00:00+00,40.03390039118339,-75.10833298043296
0101000020E6100000E5E16D5E66CF52C06895748641FE4340,0101000020110F0000E4406DF670F35FC105E0CD9EF68D5241,55,9454601,15328546.0,4.0,5870 MALVERN AVE,,,19131-3028,11800.0,211849,522115300.0,ZHENG MEI,No,Yes,404671,3202,Rental,Residential Dwellings,2007-03-28 14:09:26+00,2016-02-26 05:00:00+00,2017-02-28 05:00:00+00,2017-04-29 04:00:00+00,Closed,1.0,MEI CHAI,ZHENG,MEI CHAI ZHENG,Individual,MEI CHAI ZHENG,"7727 BRADFORD ST PHILADELPHIA, PA  19152 USA",,,,,,,,,,,2671574.14911747,247883.670170435,,,345181.0,2016-03-01 05:00:00+00,39.9863746709114,-75.2406230996199
0101000020E610000060506AB038CE52C0DEF75D13DEFA4340,0101000020110F00003AFF798770F15FC10FF79E45358A5241,56,9209527,15328567.0,3.0,5035 MARKET ST,,,19139-3506,9300.0,151428,441002700.0,ATANDA YEKINI S,No,Yes,217414,3202,Rental,,2004-03-20 05:00:00+00,2006-03-24 13:26:44+00,2007-02-28 05:00:00+00,2012-12-22 16:51:41+00,Inactive,3.0,EARLY  AKINGS SHIRLEY,AKINGS EARLY,AKINGS EARLY C,Individual,AKINGS EARLY C,"PO BOX 9232 PHILADELPHIA, PA  19139 USA",,,,,,,,,,,2677007.68938065,238391.30293824,,,35882.0,2006-03-24 13:26:44+00,39.95990221107762,-75.22221002943252
0101000020E610000090A4BE2C4AC552C0E03541892E014440,0101000020110F0000132C8EA744E25FC1093B5A0235915241,57,9520298,15328645.0,7.0,4351 JOSEPHINE ST,,,19124-4018,29400.0,423133,882003727.0,"YAREMCHUK VOLODYMYR, YAREMCHUK SVITLANA",,Yes,460654,3311,Motor Vehicle Repair / Fuel Dispensing,,2008-11-12 15:08:00+00,2012-02-14 21:03:54+00,2012-12-31 05:00:00+00,,Inactive,,STEVEN,NGUYEN,STEVEN NGUYEN,Individual,STEVEN NGUYEN (AUTOPIA CAR CENTER LLC),"4350 TORRESDALE AVE PHILADELPHIA, PA  19124 USA",,,,,,,,,,,2715569.69889324,257503.872815454,,,459317.0,2012-02-14 21:03:54+00,40.0092326706324,-75.08265226952994
0101000020E6100000F305D51049C752C0E0DB3BA706FF4340,0101000020110F0000E1694874A8E55FC18B2E8A23D18E5241,58,9471232,15328646.0,1.0,3076 JOYCE ST,,,19134-3727,17800.0,40493,252494000.0,A TEAM PROPERTIES LLC,No,Yes,435496,3202,Rental,Residential Dwellings,2008-02-13 14:24:13+00,2014-03-08 15:12:53+00,2015-02-28 05:00:00+00,2015-04-29 04:00:00+00,Closed,1.0,KALOUTIE,RUPNARINE,KALOUTIE RUPNARINE,Individual,KALOUTIE RUPNARINE,"3522 KENSINGTON AVENUE PHILADELPHIA, PA  19134 USA",,,,,,,,,,,2707021.89577684,251109.066138177,,,433046.0,2014-03-08 15:12:53+00,39.99239054129407,-75.11383457949687
0101000020E6100000B45821D223C752C020BA7CA865FF4340,0101000020110F0000B6DDA13069E55FC16DDAA9753A8F5241,59,103115448,15328648.0,6.0,3209 JASPER ST,,,19134-2525,18800.0,482377,452358600.0,FUNCK ADAM,No,Yes,787839,3202,Rental,Residential Dwellings,2018-08-31 15:24:27+00,2022-09-29 04:00:00+00,2023-08-30 04:00:00+00,2023-10-29 04:00:00+00,Inactive,1.0,PATRICK,GILMORE,Patrick Gilmore,Individual,Patrick Gilmore,"2200 Benjamin Franklin Pk Apt E605 Philadelphia, PA  19130 USA",,,,,,,,,,,2707627.00740067,252183.785029816,,,784902.0,2022-08-31 04:00:00+00,39.99528986063183,-75.1115613294267
0101000020E6100000390F64C8F1C652C016ABF8314DFF4340,0101000020110F00003B3A003214E55FC1EB5C09571F8F5241,60,9322514,15328650.0,6.0,3264 JOYCE ST,,,19134-3221,18800.0,123613,452297900.0,ESB GROUP LLC,No,Yes,336814,3219,Vacant Residential Property / Lot,,2005-09-14 13:36:00+00,2013-02-16 15:28:12+00,2014-02-28 05:00:00+00,2013-07-09 20:17:00+00,Inactive,1.0,NIKOLAI,FORTOUNA,WELLS FARGO BANK NA,Individual,WELLS FARGO BANK NA,"ONE HOME CAMPUS DES MOINES, IA  50328 USA",,,,,,,,,,,2708490.44960795,251937.527673391,,,312604.0,2013-02-16 15:28:12+00,39.994543310566016,-75.10850724955971
0101000020E6100000023C89FA91C652C085470DF2E9004440,0101000020110F000040585E7671E45FC1DE796EF4E8905241,61,9395852,15328697.0,7.0,3943 L ST,,,19124-5514,19000.0,273625,332399600.0,NGUYEN TINH,,Yes,613887,3219,Vacant Residential Property / Lot,,2014-01-02 18:21:00+00,2014-01-02 18:21:00+00,2015-02-28 05:00:00+00,2014-03-24 21:49:00+00,Inactive,0.0,,,PNC MORTGAGE,Company,PNC MORTGAGE,"7681 TYLERS PLACE BLVD WEST CHESTER, OH  45069 USA",,,,,,,,,,,2709990.52943886,256573.072224025,,,,2014-01-02 18:21:00+00,40.007139450534886,-75.10265983011053
0101000020E61000006741E20A01BE52C07E9CB9F47D0B4440,0101000020110F0000EBB6278AE4D55FC1E3D3D769A59C5241,62,9364443,15328701.0,10.0,12458 KNIGHTS RD,,,19154-3102,36301.0,437079,663358000.0,"SOURTIS MICHAEL, SOURTIS EVANGELIA",No,Yes,362032,3202,Rental,Residential Dwellings,2006-03-29 21:15:51+00,2026-03-13 04:00:00+00,2027-02-28 05:00:00+00,,Active,2.0,EVANGELIA VAPPA,SOURTIS,EVANGELIA VAPPA SOURTIS,Individual,EVANGELIA VAPPA SOURTIS (MICHAEL SOURTIS),"12466 Knights Road Philadelphia, PA  19154 USA",,,,,,,,,,,2746519.32283886,287815.438789257,,Yes,324499.0,2026-03-01 05:00:00+00,40.08978137076427,-74.96881363005888
0101000020E61000004D5AE3A6E3C852C09D315443FA064440,0101000020110F00003B3E4AE061E85FC1FC709DC2A2975241,63,114008917,15328838.0,9.0,1260 OAK LN,,,19126-3224,26800.0,92965,881065100.0,1260 OAK LANE LLC,,Yes,801335,3121,Food Preparing and Serving (30+ SEATS),,2019-02-01 18:05:10+00,2020-08-27 04:00:00+00,2021-01-31 18:05:10+00,2021-04-01 04:00:00+00,Inactive,,KIM-RENEE,STONE,KIM-RENEE STONE,Individual,KIM-RENEE STONE,"MEMA'S EARLY LEARNING CENTER 6828 N 10TH ST PHILADELPHIA, PA  19126 USA",,,,,,,,,,,2699334.33475725,273520.540540467,,,164293.0,2020-02-01 18:05:10+00,40.05451242075944,-75.13889476969162
0101000020E61000003B9DBB2170CF52C065033EAA33FA4340,0101000020110F00006AD9BE8B81F35FC1B209687578895241,64,760410888,15328866.0,3.0,5932 OSAGE AVE,,,19143-1120,8302.0,202915,32063700.0,REYES DANIELA,No,Yes,954225,3202,Rental,Residential Dwellings,2024-06-17 15:14:44+00,2024-06-17 15:14:44+00,2025-06-16 15:14:44+00,2025-08-15 04:00:00+00,Inactive,1.0,DANIELA,REYES,Daniela Reyes,Individual,Daniela Reyes,"1817 E York St Apt 425 Philadelphia, PA  19125 USA",,,,,,,,,,,2671734.97010872,236345.678475285,,Yes,943925.0,2024-06-17 15:14:44+00,39.95470169094077,-75.24121898004243
0101000020E61000004F752130FFC452C0857DD8BAB7004440,0101000020110F000061BC2C48C5E15FC1FD39C146B1905241,65,9282173,15328868.0,7.0,2364 ORTHODOX ST,,,19137-1126,38000.0,402308,231017710.0,TSG INVESTMENTS LLC,No,Yes,269817,3202,Rental,Residential Dwellings,2004-09-13 04:00:00+00,2012-03-14 15:39:55+00,2013-02-28 05:00:00+00,,Inactive,2.0,MICHAEL,GREEN,MICHAEL F GREEN,Individual,MICHAEL F GREEN (EAGLE BUILDING MAINTENANCE),"2714 SOUTH AVE PO BOX 128 BRYN ATHYN, PA  19009 USA",,,,,,,,,,,2716891.13964923,256222.455798793,,,171716.0,2012-03-14 15:39:55+00,40.00560699053589,-75.07807544009596
0101000020E6100000160A55097FCF52C0F3D9CE0D7EFD4340,0101000020110F00007BC6ECDC9AF35FC1791916F51D8D5241,66,47160673,15328893.0,4.0,6033 W OXFORD ST,,,19151-3529,11400.0,440786,342097800.0,BATKIN AARON,,Yes,711870,3219,Vacant Residential Property / Lot,,2016-08-20 06:38:45+00,2016-08-20 06:38:45+00,2017-08-19 04:00:00+00,,Closed,,,,WELLS FARGO BANK NA,Company,WELLS FARGO BANK NA,"1 HOME CAMPUS  DES MOINES, IA  50328 USA",,,,,,,,,,,2671214.13053357,245699.506242009,,,,2016-08-20 06:38:45+00,39.98040936088719,-75.24212868981007
0101000020E61000001FB7C7B36AC552C06B873CC8EB034440,0101000020110F000002EDDCE77BE25FC1A97618B23E945241,67,9186930,15328902.0,7.0,5417 OXFORD AVE,,,19124-1125,30200.0,284857,871260500.0,YAOS REALTY LLC,,Yes,199732,3118,"Food Establishment, Retail Permanent Location",,2004-04-30 04:00:00+00,2004-04-30 04:00:00+00,2005-04-30 04:00:00+00,,Inactive,,,,REGAL PHARMACY INC,Company,REGAL PHARMACY INC,"5417 OXFORD AVE PHILADELPHIA, PA  19124 USA",,,,,,,,,,,2714778.5682488,265279.307296847,,,73880.0,2004-04-30 04:00:00+00,40.030633000903286,-75.08463758948754
0101000020E6100000EFA7A7C96DCA52C0276B5DE5CF044440,0101000020110F000024ADFF5AFFEA5FC128C25CBA3B955241,68,67087199,15328909.0,8.0,463 E PENN ST,,,19144-5882,24700.0,26325,122005000.0,1 4 RENTAL SFIG LLC,No,Yes,739384,3202,Rental,Residential Dwellings,2017-05-22 13:28:04+00,2018-05-18 04:00:00+00,2019-05-21 04:00:00+00,2019-07-20 04:00:00+00,Inactive,1.0,OFER,YAARAN,OFER YAARAN ,Individual,OFER YAARAN,"4621 Almond St Philadelphia, PA  19137 USA",,,,,,,,,,,2692783.60033133,267162.098085701,,,686695.0,2018-05-22 04:00:00+00,40.03759448110059,-75.16295091030746
0101000020E61000004AD11F5D8FC552C0DB41D3EC19024440,0101000020110F0000A080D02DBAE25FC178A4A7073A925241,69,9249871,15328919.0,7.0,4624 N PENN ST,,,19124-5821,30100.0,171486,234286700.0,VARGAS YANELA RODRIGUEZ,No,Yes,257300,3202,Rental,,2004-06-30 04:00:00+00,2004-06-30 04:00:00+00,2005-02-28 05:00:00+00,2012-12-22 16:52:00+00,Inactive,3.0,KEITH/HETAL,SAWH,KEITH/HETAL SAWH,Individual,KEITH/HETAL SAWH,"12457 81ST PLACE, N SEMINOLE, FL  33772 USA",,,,,,,,,,,2714308.39148768,260083.812326762,,,159947.0,2004-06-30 04:00:00+00,40.01641617121978,-75.086875229904
0101000020E61000001AD88E15A3CA52C08FD947715CFC4340,0101000020110F00004C848AE259EB5FC12185A4FBDC8B5241,70,9184840,15329005.0,5.0,1800-08 RIDGE AVE,,,19130-1523,14000.0,322702,881443252.0,1800 RIDGE LLC,,Yes,587459,3219,Vacant Residential Property / Lot,,2013-03-20 18:37:45+00,2015-03-26 04:00:00+00,2016-02-29 05:00:00+00,2016-04-29 04:00:00+00,Inactive,0.0,,,SWINTON JAMES & ERNESTINE,Company,SWINTON JAMES & ERNESTINE,"4022 PARKSIDE AVE PHILADELPHIA, PA  19104 USA",,,,,,,,,,,2692576.729024,243094.56445694,,,12096.0,2015-02-02 05:00:00+00,39.97157112129491,-75.16620387029289
0101000020E6100000FD38065C3CC552C05D6335FF26054440,0101000020110F0000057314302DE25FC1B94CB4599C955241,71,9580931,15329030.0,9.0,1201 ROBBINS ST,,,19111-5835,31101.0,20816,531042100.0,"MARQUEZ FILINTO, MARQUEZ JACINTA R",No,Yes,537994,3202,Rental,Residential Dwellings,2011-07-06 19:24:00+00,2026-04-06 04:00:00+00,2027-02-28 05:00:00+00,,Active,2.0,FILINTO & JACINTA,MARQUES,FILINTO & JACINTA MARQUES,Individual,FILINTO & JACINTA MARQUES,"790 Oriole Lane HUNTINGDON VALLEY, PA  19006 USA",,,,,,,,,,,2715464.43471622,268805.877565714,,Yes,175744.0,2026-03-01 05:00:00+00,40.04025259119837,-75.08180904967953
0101000020E61000002D905EE14FCA52C0A3EB8D3BB5F54340,0101000020110F0000D2FF068ECCEA5FC134F0882A7E845241,72,9469102,15329036.0,1.0,815 RITNER ST,,,19148-3747,4102.0,150160,393343900.0,YE YI PIN,No,Yes,429481,3202,Rental,Residential Dwellings,2007-11-21 18:40:00+00,2012-02-17 19:58:35+00,2013-02-28 05:00:00+00,2014-08-12 16:58:00+00,Inactive,2.0,SI,NGUYEN,SI NGUYEN,Individual,SI NGUYEN,"26 JOHNS RD CHELTENHAM, PA  19012 USA",,,,,,,,,,,2694554.46305896,224209.786683781,,,429480.0,2012-02-17 19:58:35+00,39.91959328107557,-75.16112550959288
0101000020E6100000EDE1E5696FCB52C0729C86313BFC4340,0101000020110F0000A23085F5B4EC5FC13A6ECD22B88B5241,73,9225543,15329065.0,5.0,812 N STILLMAN ST,,,19130-1836,13602.0,241302,151265300.0,"GREENWALT MICHAEL P, GREENWALT YEKATERINA V",No,Yes,598445,3202,Rental,Residential Dwellings,2013-06-29 16:44:00+00,2018-04-09 04:00:00+00,2019-02-28 05:00:00+00,2019-04-29 04:00:00+00,Closed,1.0,CRAIG,BISHOP,CRAIG BISHOP,Individual,CRAIG BISHOP,"812 NORTH STILLMAN STREET PHILADELPHIA, PA  19130 USA",,,,,,,,,,,2689093.55884937,242623.084191452,,,596380.0,2014-03-01 05:00:00+00,39.97055644104775,-75.17867515038934
0101000020E610000080F41A18F3C452C034F725E6DD034440,0101000020110F00000A9943BDB0E15FC1F874FB4B2F945241,74,9258181,15329133.0,7.0,1601 VAN KIRK ST,,,19149-3424,31800.0,100328,871602955.0,"TRAN SOAN CHU TR, TRAN AMY TR",,Yes,279700,3230,Dumpster License - Private Property,,1998-03-09 05:00:00+00,1998-03-09 05:00:00+00,3000-01-31 05:00:00+00,,Inactive,,,,JOSEPH'S FOOD MARKET,Company,JOSEPH'S FOOD MARKET,"1601 VAN KIRK ST PHILADELPHIA, PA  19149 USA",,,,,,,,,,,2716826.63650421,265186.814494148,,,107601.0,1998-03-09 05:00:00+00,40.03020932058135,-75.07733729011852
0101000020E6100000ECD230C98EC652C0F370A78379054440,0101000020110F0000B373060A6CE45FC1046344E4F7955241,75,9229865,15329222.0,9.0,545 ROSALIE ST,,,19120-1221,30502.0,428672,352036900.0,SAAVEDRA NILDA LETICIA,No,Yes,241862,3202,Rental,Residential Dwellings,2003-04-10 04:00:00+00,2018-03-07 05:00:00+00,2019-02-28 05:00:00+00,2019-04-29 04:00:00+00,Closed,1.0,GEORGE D,HOOPER,GEORGE D HOOPER,Individual,GEORGE D HOOPER,"7755 HASBROOK AVE PHILADELPHIA, PA  19111 USA",,,,,,,,,,,2709656.02051327,269548.776291432,,,84805.0,2018-03-01 05:00:00+00,40.04277082134095,-75.10246495979271
0101000020E6100000347F23D153CC52C07850C0E4F3064440,0101000020110F00004D73CEEC38EE5FC1E60261B19B975241,76,9519083,15329277.0,8.0,225 W SEDGWICK ST,,,19119-2540,23700.0,337987,223146000.0,BLOUNT DENISE A,No,Yes,462652,3202,Rental,Residential Dwellings,2008-12-10 19:23:00+00,2020-01-31 05:00:00+00,2021-02-28 05:00:00+00,,Closed,1.0,DENISE,BLOUNT,DENISE BLOUNT,Individual,DENISE BLOUNT,"7637 BROOKHAVEN RD PHILADELPHIA, PA  19151 USA",,,,,,,,,,,2684304.41032198,273009.756137015,,,81232.0,2020-03-01 05:00:00+00,40.05431804075573,-75.19261578051083
0101000020E61000007BAEFDCC07CB52C0124C53DBA3FF4340,0101000020110F000028E84BF604EC5FC19D7F116A7F8F5241,77,48956304,15329300.0,4.0,2503 W SILVER ST,,,19132-3213,17202.0,287897,281406200.0,JOHNSON JACQUELINE M,No,Yes,715818,3202,Rental,Residential Dwellings,2016-10-05 16:10:24+00,2016-10-05 16:10:24+00,2017-10-04 04:00:00+00,2017-12-03 05:00:00+00,Inactive,1.0,THEODORE,JOHNSON,THEODORE A JOHNSON,Individual,THEODORE A JOHNSON,"1513 E MT PLEASANT AVE PHILADELPHIA, PA  19150 USA",,,,,,,,,,,2690582.18921929,252372.028996601,,,305749.0,2016-10-05 16:10:24+00,39.997188010857045,-75.17235111974325
0101000020E6100000865F20B206CA52C06AFC517989004440,0101000020110F0000FCF8543E50EA5FC1E50851FD7D905241,78,39041116,15329306.0,8.0,3320 N SMEDLEY ST,,,19140-4901,20101.0,499688,112216200.0,MOGELLON GUSTAVO,No,Yes,658991,3202,Rental,Residential Dwellings,2015-03-25 15:41:14+00,2018-06-14 04:00:00+00,2019-04-30 04:00:00+00,2019-06-29 04:00:00+00,Inactive,1.0,EARL,SCOTT JR,EARL SCOTT JR,Individual,EARL SCOTT JR,"20 YALE ROAD ATCO, NJ  08004 USA",,,,,,,,,,,2694901.93512965,255052.288125942,,,658989.0,2018-05-01 04:00:00+00,40.00419537070486,-75.15665867959441
0101000020E6100000A3A87C58D6C952C008676FD3A7F64340,0101000020110F00009369AA1DFEE95FC16EB6D7D28A855241,79,70705399,15329390.0,1.0,429 WATKINS ST,,,19148-1804,2701.0,105818,11370500.0,"DELCOLLE THOMAS F, BARNES-DELCOLLE MARGARET",No,Yes,745485,3202,Rental,Residential Dwellings,2017-07-13 18:14:36+00,2025-06-17 04:00:00+00,2026-07-12 04:00:00+00,,Expired,1.0,MARGARET ,BARNES-DELCOLLE,MARGARET & DELCOLLE THOMAS F BARNES-DELCOLLE,Individual,MARGARET & DELCOLLE THOMAS F BARNES-DELCOLLE,"321 Dickinson ST PHILADELPHIA, PA  19147 USA",,,,,,,,,,,2696554.94909997,226966.604846786,,Yes,160937.0,2025-07-13 04:00:00+00,39.92699664058279,-75.15370762036996
0101000020E61000004F1CFB09C6C952C0A57A032A62F64340,0101000020110F00000EDAD86AE2E95FC12F20A4AC3D855241,80,9374328,15329478.0,1.0,1839 S 4TH ST,,,19148-1851,2702.0,366733,11429200.0,"WALLACE CHRISTOPHER J, TAYLOR CHRISTINA M",No,Yes,357237,3202,Rental,Residential Dwellings,2006-02-23 16:27:00+00,2021-02-07 05:00:00+00,2022-02-28 05:00:00+00,2022-04-29 04:00:00+00,Inactive,1.0,XIAO FENG,CHEN NG,XIAO FENG CHEN NG,Individual,XIAO FENG CHEN NG,"1208 S 10TH ST PHILADELPHIA, PA  19147 USA",,,,,,,,,,,2696856.73923997,226200.716112213,,,357217.0,2021-03-01 05:00:00+00,39.92487073106648,-75.15271234056966
0101000020E61000002A8E1FEC39C952C09E91E834B0FB4340,0101000020110F0000FFCA486AF4E85FC11167671D1E8B5241,81,99083219,15329490.0,5.0,922 N 4TH ST,,,19123-2218,14200.0,543265,57102010.0,"REXROAD SHAWN P TR, HENDERSON SYDNEY TR",No,Yes,782432,3202,Rental,Residential Dwellings,2018-07-06 21:25:09+00,2023-06-05 04:00:00+00,2024-07-05 04:00:00+00,2024-09-03 04:00:00+00,Inactive,2.0,JENNIFER,COPLIN,Jennifer Coplin,Individual,Jennifer Coplin,"266 15th Street Brooklyn, NY  11215 USA",,,,,,,,,,,2698808.87102348,241362.159587799,,No,769950.0,2023-07-06 04:00:00+00,39.96631490093135,-75.14416030007911
0101000020E6100000A6F09F408ECE52C0AD40CA3165FA4340,0101000020110F00006904FBDD01F25FC119E2D755AF895241,82,95154329,15329533.0,3.0,227 S 53RD ST,,,19139-4009,8500.0,12529,602192800.0,TINISH INVESTMENTS LLC,No,Yes,776831,3202,Rental,Residential Dwellings,2018-05-15 22:00:42+00,2026-05-07 04:00:00+00,2027-05-14 04:00:00+00,,Active,1.0,,,Tinish Investments LLC,Company,Tinish Investments LLC,"100 ASHLEY WAY PLYMOUTH MEETING, PA  19462 USA",,,,,,,,,,,2675582.70417909,237006.15947833,,Yes,773787.0,2026-05-15 04:00:00+00,39.95621321082704,-75.22743239993233
0101000020E6100000D967367D8DCD52C08E7C777F65FA4340,0101000020110F000054F88FBA4DF05FC1102EE8ABAF895241,83,9381655,15329536.0,3.0,120 S 45TH ST,,,19104-2917,8602.0,159238,601071700.0,"SAEKOUAY NAMIA, SAEKOUAY N AMIA",Yes,Yes,337095,3202,Rental,,2005-09-15 15:36:00+00,2016-11-08 05:00:00+00,2017-02-28 05:00:00+00,2017-04-29 04:00:00+00,Inactive,4.0,NAMIA AEA,SAEKOUAY,NAMIA AEA SAEKOUAY,Individual,NAMIA AEA SAEKOUAY,"120 S 45TH ST 3RD FLOOR PHILADELPHIA, PA  19104 USA",,,,,,,,,,,2679974.19148219,237135.398800679,,,337087.0,2015-03-01 05:00:00+00,39.956222470610655,-75.21176081002285
0101000020E610000039F6DDDD0ECA52C0101C56C365014440,0101000020110F00004D215D1F5EEA5FC1BE6B503F72915241,84,9275516,15329652.0,8.0,3735 N 18TH ST,,,19140-3532,20102.0,59452,131245600.0,DIXON MARIA S,,Yes,276491,3219,Vacant Residential Property / Lot,,2004-05-05 04:00:00+00,2004-05-05 04:00:00+00,2005-02-28 05:00:00+00,2012-12-22 16:52:11+00,Inactive,,ANGELA,TYLER,ANGELA TYLER,Individual,ANGELA TYLER,"4525 N 20TH ST PHILADELPHIA, PA  19140 USA",,,,,,,,,,,2694690.39351315,257496.090434846,,,,2004-05-05 04:00:00+00,40.0109180613,-75.15715738941152
0101000020E610000094DA43CC59C952C03F56EBA838074440,0101000020110F0000F9371B8F2AE95FC13C5DAAFEE7975241,85,93920076,15329659.0,9.0,6724 N 17TH ST,,,19126-2735,26700.0,428192,101052400.0,GRAY LATASHA M,,Yes,775102,3219,Vacant Residential Property / Lot,,2018-05-02 05:09:05+00,2018-05-02 05:09:05+00,2019-05-01 04:00:00+00,2019-06-30 04:00:00+00,Inactive,,,,FANNIE MAE,Company,FANNIE MAE,"3224 W. CHELTENHAM AVENUE PHILADELPHIA, PA  19150 USA",,,,,,,,,,,2697296.13340063,274154.313745223,,,,2018-05-02 05:09:05+00,40.05641662112293,-75.14610582949018
0101000020E61000002BAC60472FCA52C049D937FCB0F54340,0101000020110F0000E43E852D95EA5FC15218717679845241,86,9308633,15329884.0,1.0,2344 S 7TH ST,,,19148-3810,4102.0,100653,393187105.0,KHON LUCH,,Yes,305497,3219,Vacant Residential Property / Lot,,2005-02-08 18:26:00+00,2007-08-17 13:23:19+00,2009-06-30 04:00:00+00,2007-11-26 14:43:00+00,Inactive,0.0,LUCH,KHON,KHON LUCH,Individual,KHON LUCH,"2328 S 06TH ST PHILADELPHIA, PA  19148 USA",,,,,,,,,,,2695113.74225906,224178.954610966,,,7201.0,2007-08-17 13:23:19+00,39.91946366049758,-75.15913567009618
0101000020E61000006AE0138618CA52C017D327C96FF74340,0101000020110F0000F48AA9866EEA5FC19090F74968865241,87,9569881,15329894.0,1.0,1230 S 8TH ST,,,19147-5130,2400.0,402994,21512000.0,"CAROBUS ANDREW M, CAROBUS DANIELLE L",No,Yes,551293,3202,Rental,Residential Dwellings,2011-12-28 14:57:27+00,2013-03-05 21:14:21+00,2014-02-28 05:00:00+00,,Inactive,1.0,CHANG XU,CHIN,CHANG XU CHIN,Individual,CHANG XU CHIN,"700 W PRICE RIVER DRIVE PRICE CITY, UT  84501 USA",,,,,,,,,,,2695357.35864426,229155.327102025,,,321767.0,2013-03-05 21:14:21+00,39.93309893078384,-75.15774681035114
0101000020E6100000FFA43A5752CD52C07C196DCD5AF94340,0101000020110F0000F8396142E9EF5FC102C3A03288885241,88,9355450,15330001.0,3.0,4220 CHESTER AVE,,,19104-4416,7700.0,2179,272088200.0,FANG FANG,Yes,Yes,613748,3202,Rental,Residential Dwellings,2013-12-31 19:14:00+00,2018-12-04 05:00:00+00,2019-02-28 05:00:00+00,2019-04-29 04:00:00+00,Inactive,2.0,FANG,FANG,FANG FANG,Individual,FANG FANG,"4220 CHESTER AVENUE PHILADELPHIA, PA  19104 USA",,,,,,,,,,,2681071.16496176,234200.877062472,,,613747.0,2015-03-01 05:00:00+00,39.94808357073904,-75.20815067984584
0101000020E6100000DACF14464CCA52C0444E542D60004440,0101000020110F0000B0C7BA6DC6EA5FC13F42B83350905241,89,9177364,15330075.0,8.0,1901 W ALLEGHENY AVE,,,19132-1611,20200.0,28366,871516520.0,LIN XIU YAN,,Yes,206565,3120,Food Preparing and Serving,,2004-12-06 05:00:00+00,2006-04-13 13:06:18+00,2007-04-30 04:00:00+00,2012-10-05 19:27:00+00,Inactive,,XIN,LIU,XIN LIU,Individual,XIN LIU (NORTH GARDEN),"1901 W ALLEGHENY AVE PHILADELPHIA, PA  19132 USA",,,,,,,,,,,2693726.22187672,254558.484816088,,,154680.0,2006-04-13 13:06:18+00,40.00293509117594,-75.16090538055815
0101000020E6100000DACF14464CCA52C0444E542D60004440,0101000020110F0000B0C7BA6DC6EA5FC13F42B83350905241,90,9455896,15330075.0,8.0,1901 W ALLEGHENY AVE,,,19132-1611,20200.0,28366,871516520.0,LIN XIU YAN,,Yes,409441,3112,"Food Estab, Retail Non-Permanent Location (Annual)",,2007-05-09 19:31:00+00,2010-04-23 15:54:01+00,2011-04-30 04:00:00+00,2012-09-01 16:13:26+00,Inactive,,,,NORTH GARDEN & KIM ORIENTAL LUNCH TRUCK INC,Company,NORTH GARDEN & KIM ORIENTAL LUNCH TRUCK INC,"1901 W ALLEGHENY AVE PHILADELPHIA, PA  19132 USA",,,,,,,,,,,2693726.22187672,254558.484816088,,,408749.0,2010-04-23 15:54:01+00,40.00293509117594,-75.16090538055815
0101000020E6100000A1DE2D7D22CB52C0F6BE4FE36AF74340,0101000020110F000072AB744B32EC5FC17A8136DD62865241,91,9329114,15330202.0,2.0,1432 S BOUVIER ST,,,19146-4725,3002.0,33400,365239000.0,DEFILIPPO ANTHONY,No,Yes,337308,3202,Rental,Residential Dwellings,2005-09-16 14:58:00+00,2015-09-17 04:00:00+00,2016-02-29 05:00:00+00,2016-04-29 04:00:00+00,Inactive,1.0,,,H TAYLOR CO LLC,Company,H TAYLOR CO LLC,"736 WHARTON ST PHILADELPHIA, PA  19147 USA",,,,,,,,,,,2690808.50947665,228967.709643861,,,312143.0,2015-03-01 05:00:00+00,39.932949460924576,-75.17398004035432
0101000020E610000037101870DECB52C05B99CA5362F64340,0101000020110F0000ACF47A8B71ED5FC19799E8DA3D855241,92,91666224,15330214.0,2.0,2208 S BONSALL ST,,,19145-3209,3702.0,361784,482287200.0,SCOTT ALEXANDER,No,Yes,772057,3202,Rental,Residential Dwellings,2018-04-09 18:12:01+00,2019-04-11 04:00:00+00,2020-04-08 04:00:00+00,2020-06-07 04:00:00+00,Closed,1.0,JOEL,THOMAS,Joel Thomas,Individual,Joel Thomas,"58 West Gowen Avenue Philadelphia, PA  19119 USA",,,,,,,,,,,2687678.24103042,225934.210952485,,,769054.0,2019-04-09 04:00:00+00,39.924875711369815,-75.18545152997909
0101000020E61000004D166BDDC0C552C031B821771D044440,0101000020110F00005126FB420EE35FC1FCD4CDCD75945241,93,9472269,15330235.0,9.0,946 BRILL ST,,,19124-1008,39000.0,317358,351178700.0,COULTER WILLIAM,No,Yes,435864,3202,Rental,Residential Dwellings,2008-02-15 19:32:00+00,2026-04-25 04:00:00+00,2027-02-28 05:00:00+00,,Active,1.0,WILLIAM,COULTER,WILLIAM COULTER,Individual,WILLIAM COULTER,"7521 THOURON AVENUE PHILADELPHIA, PA  19150 USA",,,,,,,,,,,2713289.91855437,265786.989187667,,Yes,369493.0,2026-03-01 05:00:00+00,40.03214921137295,-75.08989654023863
0101000020E6100000FA98623D3FCB52C048A8A71491054440,0101000020110F0000FD97812163EC5FC130552E0912965241,94,9214915,15330427.0,8.0,157 E WALNUT LN,,,19144-2004,25200.0,253122,592072600.0,BROWN TIONA,No,Yes,583483,3202,Rental,Residential Dwellings,2013-02-01 17:44:44+00,2016-03-14 04:00:00+00,2017-02-28 05:00:00+00,2017-04-29 04:00:00+00,Inactive,1.0,MARVETTE,LYNCH,MARVETTE LYNCH,Individual,MARVETTE LYNCH,"117 SOUTH 58TH STREET PHILADELPHIA, PA  19139 USA",,,,,,,,,,,2689142.96421057,269204.240003445,,,450129.0,2016-03-01 05:00:00+00,40.04349001108545,-75.17573485020321
0101000020E610000004C7962A28C452C081B978C3AE024440,0101000020110F00007271C80B58E05FC15F89F816DF925241,95,9600871,15330580.0,7.0,5824 WALKER ST,,,19135-3932,31900.0,347549,622365500.0,SERRANO XAVIER MARFISI,No,Yes,570803,3202,Rental,Residential Dwellings,2012-08-08 16:50:47+00,2021-02-04 05:00:00+00,2022-02-28 05:00:00+00,,Closed,1.0,,,MD HOMES LLC,Company,MD HOMES LLC,"614 Cranbury Road Box 6415 East Brunswick, NJ  08816 USA",,,,,,,,,,,2720395.93288131,261923.601518721,,Yes,459055.0,2021-03-01 05:00:00+00,40.020958360622,-75.06495156025272
0101000020E61000003CF7A4B14BC852C09DAB63A114FF4340,0101000020110F00006AEE9CC25FE75FC1DA5226A2E08E5241,96,9213697,15330593.0,7.0,2820 N WATER ST,,,19134-3323,17601.0,255914,71335900.0,PEREZ CARLOS,No,Yes,213766,3202,Rental,Residential Dwellings,2004-03-15 05:00:00+00,2013-02-01 15:36:15+00,2014-02-28 05:00:00+00,,Inactive,1.0,CARLOS,PEREZ,CARLOS PEREZ,Individual,CARLOS PEREZ,"2824 N WATER ST PHILADELPHIA, PA  19134 USA",,,,,,,,,,,2702596.30416465,251132.76875346,,,133680.0,2013-02-01 15:36:15+00,39.99281709067075,-75.12961999044359
0101000020E6100000F2841DF243CF52C02ECB4A765BF94340,0101000020110F0000CD26D37D36F35FC11065B4ED88885241,97,9507983,15330646.0,3.0,828 S ALDEN ST,,,19143-2714,8101.0,223655,463263000.0,THOMAS ELIZABETH,No,Yes,481816,3202,Rental,Residential Dwellings,2009-08-26 15:27:00+00,2025-08-25 04:00:00+00,2026-02-28 05:00:00+00,2026-04-29 04:00:00+00,Inactive,1.0,ELIZABETH,THOMAS,ELIZABETH THOMAS,Individual,ELIZABETH THOMAS (NOVA REALTY LLC AGT),"2700 S 70TH ST PHILADELPHIA, PA  19142 USA",,,,,,,,,,,2672559.0774465,233964.608365606,,Yes,480999.0,2025-03-01 05:00:00+00,39.94810370113406,-75.2385220802569
0101000020E610000011330FF855C552C0A5A6493BAC034440,0101000020110F00002D482AB058E25FC13C6A2635F8935241,98,1005539045,15330667.0,7.0,1125 BRILL ST,,,19124-1116,30200.0,217677,621038500.0,HARRIS NINA,No,Yes,1012266,3202,Rental,Residential Dwellings,2026-07-08 17:01:26+00,2026-07-08 17:01:26+00,2027-07-07 17:01:26+00,,Active,1.0,NINA,HARRIS,Nina Harris,Individual,Nina Harris,"301 Mohawk ave Norwood, PA  19074 USA",,,,,,,,,,,2715154.10839399,264583.831595003,,No,862842.0,2026-07-08 17:01:26+00,40.02869359108198,-75.08337213024448
0101000020E6100000F94FA36DDFC952C0A3ED92A019F74340,0101000020110F0000E5292B8B0DEA5FC115229ADC08865241,99,9243015,15330744.0,1.0,533 WILDER ST,,,19147-5826,2701.0,112037,11252100.0,TAGER INVESTMENT INC,No,Yes,264200,3202,Rental,Residential Dwellings,2004-04-08 04:00:00+00,2026-02-24 05:00:00+00,2027-02-28 05:00:00+00,,Active,1.0,,,TAGER INVESTMENT INC,Company,TAGER INVESTMENT INC,"218 N 09TH STREET PHILADELPHIA, PA  19107 USA",,,,,,,,,,,2696362.3590448,228226.617785794,,Yes,165823.0,2026-03-01 05:00:00+00,39.93046958135826,-75.15426197956539
0101000020E6100000E99D0DEA0FCB52C0F72E7BCCA3F74340,0101000020110F0000DC4F65BE12EC5FC131D52BE6A1865241,100,924617866,15330760.0,2.0,1704 WHARTON ST,,,19146-4708,3002.0,468177,365346200.0,PANITZ SARAH R GOLDZWEIG,,Yes,991408,3219,Vacant Residential Property / Lot,,2025-10-16 19:47:18+00,2025-10-16 19:47:18+00,2026-10-15 19:47:18+00,,Closed,,,,PHH Mortgage Corp ,Company,PHH Mortgage Corp  (PHH Mortgage Corp),"136 Maple Avenue Claremont, NH  03743 USA",,,,,,,,,,,2691107.84768571,229609.39260708,,,772545.0,2025-10-16 19:47:18+00,39.93468624129121,-75.17284632997293
